Date,Open,High,Low,Close,Volume
43132,7377.169922,7441.089844,7362.279785,7385.859863,2311180000
43133,7347.589844,7364.430176,7238.180176,7240.950195,2607160000
43136,7165.959961,7277.359863,6967.529785,6967.529785,3143210000
43137,6837.560059,7126.549805,6824.819824,7115.879883,3148270000
43138,7086.200195,7170.339844,7051.529785,7051.97998,2380020000
43139,7067.299805,7073.990234,6776.77002,6777.160156,2730740000
43140,6863.339844,6917.009766,6630.669922,6874.490234,3165330000
43143,6936.680176,7023.620117,6879.689941,6981.959961,2250650000
43144,6942.160156,7025.680176,6938.160156,7013.509766,1830320000
43145,6979.240234,7152.049805,6977.069824,7143.620117,2217630000
43146,7200.75,7256.930176,7130.390137,7256.430176,2124060000
43147,7236.509766,7303.259766,7226.379883,7239.470215,2037710000
43151,7209.029785,7295.950195,7206,7234.310059,1921870000
43152,7258.47998,7338.640137,7218.109863,7218.22998,1956120000
43153,7252.459961,7280.930176,7194.839844,7210.089844,1927580000
43154,7261.350098,7337.830078,7232.5,7337.390137,1887540000
43157,7373.299805,7421.850098,7360.25,7421.459961,1876560000
43158,7416.169922,7438.089844,7330.350098,7330.350098,2162250000
43159,7371.410156,7386.799805,7273.009766,7273.009766,2384940000
43160,7274.75,7307.850098,7117.660156,7180.560059,2499010000
43161,7099.540039,7267.189941,7084.830078,7257.870117,2291480000
43164,7222.890137,7350.069824,7205.310059,7330.709961,2076870000
43165,7366.609863,7378.029785,7319.680176,7372.009766,2132920000
43166,7311.740234,7403.790039,7311.740234,7396.649902,2198610000
43167,7422.77002,7435.009766,7391.5,7427.950195,2277740000
43168,7475.97998,7560.810059,7469.029785,7560.810059,2310050000
43171,7581.040039,7609.100098,7563.439941,7588.319824,2314480000
43172,7627.52002,7637.27002,7492.97998,7511.009766,2459220000
43173,7539.779785,7544.890137,7473.899902,7496.810059,2112950000
43174,7509.240234,7525.439941,7463.189941,7481.740234,2008290000
43175,7504.370117,7514.209961,7473.680176,7481.990234,3089970000
43178,7419.200195,7421.22998,7285.27002,7344.240234,2352810000
43179,7353.25,7380.740234,7331.240234,7364.299805,1976000000
43180,7347.5,7415.660156,7325.350098,7345.290039,1999230000
43181,7257.549805,7303.189941,7164.379883,7166.680176,2370970000
43182,7170.680176,7194.310059,6992.669922,6992.669922,2455760000
43185,7125.200195,7225.830078,7022.339844,7220.540039,2341370000
43186,7255.470215,7255.540039,6963.680176,7008.810059,2347480000
43187,6978.299805,7036.089844,6901.069824,6949.22998,2551950000
43188,6984.660156,7120.459961,6935.779785,7063.450195,2593390000
43192,7016.169922,7044.709961,6805.959961,6870.120117,2402670000
43193,6924.350098,6963.709961,6835.22998,6941.279785,2330900000
43194,6811.77002,7059.290039,6811.77002,7042.109863,2261580000
43195,7099.25,7112.379883,7036.620117,7076.549805,2153030000
43196,6999.569824,7066.640137,6877.759766,6915.109863,2359780000
43199,6971.450195,7074.950195,6944.959961,6950.339844,2089220000
43200,7060.990234,7117.97998,7014.879883,7094.299805,2252020000
43201,7055,7128.540039,7055,7069.029785,1882090000
43202,7112.02002,7166,7105.089844,7140.25,2027080000
43203,7179.620117,7183.620117,7078.140137,7106.649902,1768160000
43206,7153.870117,7178.509766,7115.850098,7156.279785,1800450000
43207,7215.120117,7298.589844,7206.549805,7281.100098,1935380000
43208,7292.379883,7319.580078,7259.899902,7295.240234,1908700000
43209,7258.609863,7277.450195,7215.169922,7238.060059,1982090000
43210,7220.640137,7222.990234,7123.490234,7146.129883,1935160000
43213,7173.990234,7195.720215,7094.430176,7128.600098,1744480000
43214,7160.77002,7171.669922,6961.52002,7007.350098,2154270000
43215,7009.990234,7030.740234,6926.970215,7003.740234,2055840000
43216,7080.490234,7143.939941,7055.660156,7118.680176,2141220000
43217,7195.52002,7197.149902,7083.950195,7119.799805,2050350000
43220,7133.950195,7169.799805,7065.410156,7066.27002,1998570000
43221,7053.649902,7133.27002,7036.180176,7130.700195,1932660000
43222,7138.450195,7169.459961,7094.720215,7100.899902,2157860000
43223,7065.029785,7112.589844,6991.140137,7088.149902,2355780000
43224,7065.669922,7228.259766,7057.890137,7209.620117,2040520000
43227,7241.819824,7291.740234,7235.759766,7265.209961,1950650000
43228,7255.339844,7278.810059,7224.700195,7266.899902,2070970000
43229,7281.529785,7344.799805,7259.049805,7339.910156,2250260000
43230,7355.899902,7414.149902,7353.629883,7404.970215,2250450000
43231,7393.970215,7417.669922,7372.259766,7402.879883,2085350000
43234,7429.450195,7458.419922,7401.890137,7411.319824,2085850000
43235,7361.299805,7363.52002,7320.970215,7351.629883,2120380000
43236,7356.220215,7413.319824,7356.160156,7398.299805,2103060000
43237,7379.580078,7425.390137,7350.459961,7382.470215,1958970000
43238,7364.339844,7381.160156,7343.970215,7354.339844,1982190000
43241,7406.339844,7431.830078,7368.209961,7394.040039,1997220000
43242,7420.850098,7432.529785,7370.330078,7378.459961,1927420000
43243,7335.029785,7426.779785,7334.620117,7425.959961,1997090000
43244,7421.990234,7435.379883,7357.5,7424.430176,2035460000
43245,7422.200195,7452.850098,7415.580078,7433.850098,1771950000
43249,7398.509766,7435.129883,7354.290039,7396.589844,2095380000
43250,7428.410156,7473.810059,7423.669922,7462.450195,2058300000
43251,7455.580078,7492.419922,7431.410156,7442.120117,2533360000
43252,7487.660156,7557.379883,7487.22998,7554.330078,2212330000
43255,7570.080078,7607.169922,7561.200195,7606.459961,2152170000
43256,7621.359863,7644.47998,7602.379883,7637.859863,2063270000
43257,7652.799805,7691.649902,7622.310059,7689.240234,2198100000
43258,7697.410156,7697.410156,7597.660156,7635.069824,2339720000
43259,7607.740234,7653.580078,7595.140137,7645.509766,1949810000
43262,7647.240234,7677.290039,7642.870117,7659.930176,1959360000
43263,7673.870117,7708.25,7669.529785,7703.790039,2019890000
43264,7713.899902,7748.959961,7686.649902,7695.700195,2197830000
43265,7723.529785,7768.600098,7723.529785,7761.040039,2193630000
43266,7725.029785,7755.720215,7704.339844,7746.379883,3049870000
43269,7692.959961,7749.359863,7676.830078,7747.029785,2102660000
43270,7658.470215,7727.410156,7635.72998,7725.589844,2283340000
43271,7764.149902,7806.600098,7755.47998,7781.509766,2316420000
43272,7800.299805,7803.450195,7699.200195,7712.950195,2349640000
43273,7739.689941,7739.709961,7679.120117,7692.819824,3956300000
43276,7631.120117,7639.72998,7477.72998,7532.009766,2423190000
43277,7553.740234,7597.490234,7527,7561.629883,2068870000
43278,7586.330078,7610.669922,7444.169922,7445.080078,2319650000
43279,7438.109863,7526.069824,7419.560059,7503.680176,2208870000
43280,7544.129883,7573.589844,7502.950195,7510.299805,2208820000
43283,7451.899902,7568.100098,7443.100098,7567.689941,1777880000
43284,7593.629883,7594.330078,7498.5,7502.669922,1171420000
43286,7550.660156,7589.189941,7511.430176,7586.430176,1754690000
43287,7595.930176,7695.810059,7588.649902,7688.390137,1718600000
43290,7731.740234,7757.279785,7702.060059,7756.200195,1844440000
43291,7770.629883,7777.47998,7731.97998,7759.200195,1735230000
43292,7698.509766,7748.160156,7696.580078,7716.609863,1768480000
43293,7752.709961,7825.669922,7746.759766,7823.919922,1930830000
43294,7827.620117,7843.52002,7803.339844,7825.97998,1727500000
43297,7831.740234,7838.819824,7791.97998,7805.720215,1739360000
43298,7751.970215,7867.149902,7749.609863,7855.120117,1752210000
43299,7859.430176,7863.77002,7822.830078,7854.439941,1881110000
43300,7829.799805,7849.850098,7811.149902,7825.299805,1886300000
43301,7843.080078,7860.25,7815.859863,7820.200195,1796530000
43304,7806.930176,7846.759766,7776.549805,7841.870117,1668270000
43305,7914.350098,7928.790039,7814.330078,7840.77002,2021890000
43306,7839.089844,7933.310059,7838.759766,7932.240234,1943820000
43307,7848.040039,7881.299805,7834.080078,7852.180176,2289370000
43308,7889.75,7889.75,7698.959961,7737.419922,2193410000
43311,7735.27002,7740.259766,7604.240234,7630,2154140000
43312,7654.589844,7709.490234,7614.839844,7671.790039,2208610000
43313,7701.819824,7732.680176,7670.709961,7707.290039,2228950000
43314,7659.52002,7808.850098,7659.52002,7802.689941,2115490000
43315,7819.22998,7824.060059,7783.299805,7812.009766,2035870000
43318,7809.540039,7859.680176,7801.879883,7859.680176,2245300000
43319,7878.620117,7898.200195,7868.649902,7883.660156,2206400000
43320,7880,7901.689941,7864.459961,7888.330078,2098100000
43321,7886.52002,7923.350098,7881.060059,7891.779785,2048170000
43322,7834.709961,7866.189941,7818.370117,7839.109863,2107530000
43325,7848,7888.660156,7814.27002,7819.709961,1934100000
43326,7847.879883,7878.22998,7815.5,7870.890137,1938840000
43327,7810.02002,7832.660156,7732.689941,7774.120117,2294100000
43328,7826.950195,7849.669922,7795.740234,7806.52002,1991410000
43329,7786.640137,7830.779785,7752.680176,7816.330078,1850770000
43332,7834.370117,7837.140137,7787.899902,7821.009766,1709500000
43333,7840.089844,7897.680176,7836.790039,7859.169922,1788860000
43334,7844.040039,7897.629883,7840.839844,7889.100098,1669240000
43335,7886.470215,7926.319824,7866.529785,7878.459961,1888600000
43336,7907.810059,7949.709961,7907.100098,7945.97998,1892990000
43339,7989.640137,8024.939941,7976.600098,8017.899902,2333790000
43340,8039.009766,8046.310059,8009.589844,8030.040039,1980270000
43341,8044.339844,8113.560059,8042.100098,8109.689941,1909880000
43342,8094.200195,8133.299805,8069.569824,8088.359863,2022720000
43343,8079.310059,8119.819824,8079.310059,8109.540039,1906900000
43347,8087.950195,8104.069824,8042.140137,8091.25,2238710000
43348,8073.529785,8077.839844,7962.350098,7995.169922,2602810000
43349,7998.27002,8001.970215,7885.490234,7922.72998,2375380000
43350,7878.790039,7962.529785,7873.930176,7902.540039,2158930000
43353,7939.569824,7945.029785,7890.390137,7924.160156,2055430000
43354,7894.870117,7986.319824,7880.919922,7972.470215,2345080000
43355,7958.870117,7965.390137,7884.049805,7954.22998,2372320000
43356,7999.930176,8037.509766,7989.850098,8013.709961,2332930000
43357,8026.160156,8040.830078,7979.779785,8010.040039,2069380000
43360,7992.209961,8002.779785,7890.069824,7895.790039,2303600000
43361,7903.569824,7986.100098,7901.009766,7956.109863,2328260000
43362,7962.549805,7976.120117,7917.72998,7950.040039,2167720000
43363,7993.529785,8039.060059,7986.410156,8028.22998,2306580000
43364,8041.689941,8057.259766,7979.669922,7986.959961,3729890000
43367,7939.379883,7997.899902,7912.470215,7993.25,2433260000
43368,8001.589844,8014.120117,7979.290039,8007.470215,2328660000
43369,8011.680176,8067.029785,7982.759766,7990.370117,2342370000
43370,8021.220215,8071.560059,8017.910156,8041.970215,2073930000
43371,8024.5,8065.060059,8015.870117,8046.350098,2342120000
43374,8091.5,8107.379883,8019.77002,8037.299805,2299520000
43375,8024.470215,8054.149902,7983.990234,7999.549805,2416800000
43376,8034.649902,8053.930176,8012.029785,8025.089844,3095630000
43377,7993.330078,7997.169922,7833.160156,7879.509766,3302690000
43378,7874.759766,7902.669922,7715.970215,7788.450195,2699370000
43381,7747.100098,7797.319824,7654.839844,7735.950195,2259300000
43382,7728.509766,7799.75,7718.950195,7738.02002,2466440000
43383,7694.080078,7701.200195,7420.560059,7422.049805,3111680000
43384,7388.069824,7493.209961,7274.040039,7329.060059,3154520000
43385,7507.839844,7516.689941,7368.330078,7496.890137,2674210000
43388,7473.330078,7500.930176,7400.069824,7430.740234,2167000000
43389,7501.779785,7658.140137,7493.439941,7645.490234,2639760000
43390,7669.259766,7670.490234,7563.089844,7642.700195,2385070000
43391,7616.470215,7616.859863,7452.459961,7485.140137,2567980000
43392,7530.160156,7582.890137,7428.299805,7449.029785,2547790000
43395,7486.740234,7520.540039,7424.740234,7468.629883,2301010000
43396,7328.549805,7472.580078,7260.129883,7437.540039,2752010000
43397,7423.209961,7435.689941,7099,7108.399902,2959560000
43398,7197.490234,7364.819824,7178.540039,7318.339844,2788090000
43399,7125.180176,7283.319824,7057,7167.209961,2971530000
43402,7272.419922,7295.609863,6922.830078,7050.290039,2711900000
43403,7017.870117,7166.839844,7001.47998,7161.649902,2699220000
43404,7276.620117,7368.490234,7270.629883,7305.899902,2918880000
43405,7327.819824,7435.879883,7286.5,7434.060059,2728760000
43406,7424.02002,7466.529785,7298.680176,7356.990234,2899670000
43409,7344.080078,7349.22998,7255.879883,7328.850098,2186310000
43410,7326.069824,7400.640137,7320.890137,7375.959961,2300920000
43411,7446.089844,7572.930176,7435.870117,7570.75,2687410000
43412,7544.169922,7566.930176,7499.709961,7530.879883,2475160000
43413,7468.509766,7474.339844,7349.47998,7406.899902,2426750000
43416,7364.049805,7371.089844,7193.77002,7200.870117,2305340000
43417,7230.689941,7319.120117,7182.859863,7200.870117,2361240000
43418,7265.390137,7285.569824,7101.169922,7136.390137,2566210000
43419,7112.830078,7274.259766,7072.359863,7259.029785,2523500000
43420,7193.600098,7274.859863,7171.700195,7247.870117,2466980000
43423,7217.240234,7224.120117,7011.399902,7028.47998,2381430000
43424,6867.430176,6994.75,6830.759766,6908.819824,2672250000
43425,6985.509766,7029.930176,6951.620117,6972.25,1867840000
43427,6919.52002,6987.890137,6919.160156,6938.97998,958950000
43430,7026.5,7083.930176,7003.120117,7081.850098,2036910000
43431,7041.22998,7105.140137,7014.359863,7082.700195,2076790000
43432,7135.080078,7292.709961,7090.97998,7291.589844,2413120000
43433,7267.370117,7319.959961,7217.689941,7273.080078,2018190000
43434,7279.299805,7332.790039,7255.680176,7330.540039,2547970000
43437,7486.129883,7486.509766,7392.220215,7441.509766,2643150000
43438,7407.950195,7421.109863,7150.109863,7158.430176,2655720000
43440,7017.049805,7189.52002,6984.339844,7188.259766,2857650000
43441,7163.490234,7205.370117,6945.27002,6969.25,2504680000
43444,6959.629883,7047.620117,6878.990234,7020.52002,2380270000
43445,7121.660156,7129.830078,6983.009766,7031.830078,2286810000
43446,7127,7197.290039,7096.560059,7098.310059,2427080000
43447,7135.279785,7154.640137,7034.819824,7070.330078,2162210000
43448,6986.370117,7027.169922,6898.990234,6910.660156,2218330000
43451,6886.459961,6931.810059,6710.009766,6753.72998,2697400000
43452,6809.819824,6847.27002,6733.709961,6783.910156,2623270000
43453,6777.589844,6868.859863,6586.5,6636.830078,2919140000
43454,6607.759766,6666.200195,6447.910156,6528.410156,3282440000
43455,6573.490234,6586.680176,6304.629883,6332.990234,4571670000
43458,6278.490234,6355.180176,6190.169922,6192.919922,1647440000
43460,6257.859863,6555.529785,6214.339844,6554.359863,2572890000
43461,6457.189941,6583.009766,6336.970215,6579.490234,2449110000
43462,6616.790039,6684.180176,6529.220215,6584.52002,2216250000
43465,6649.52002,6659.959961,6570.060059,6635.279785,2109320000
43467,6506.910156,6693.709961,6506.879883,6665.939941,2261800000
43468,6584.77002,6600.209961,6457.129883,6463.5,2631550000
43469,6567.140137,6760.689941,6554.240234,6738.859863,2596150000
43472,6757.529785,6855.600098,6741.399902,6823.470215,2523450000
43473,6893.439941,6909.580078,6795.859863,6897,2407340000
43474,6923.060059,6985.220215,6899.560059,6957.080078,2434500000
43475,6908.649902,6991.370117,6877.080078,6986.069824,2190110000
43476,6947.459961,6975.649902,6933.600098,6971.47998,2074310000
43479,6908.029785,6936.220215,6887.47998,6905.919922,1960780000
43480,6931.390137,7025.850098,6928.120117,7023.830078,2066090000
43481,7033.75,7079.629883,7028.120117,7034.689941,2163730000
43482,7010.129883,7113.950195,7003.620117,7084.459961,2149280000
43483,7134.100098,7185.379883,7096.620117,7157.22998,2459920000
43487,7109.569824,7110.160156,6979.810059,7020.359863,2397660000
43488,7061.649902,7084.850098,6953.22998,7025.77002,2288090000
43489,7042.25,7078.959961,7029.950195,7073.459961,2419110000
43490,7128.180176,7174.560059,7111.089844,7164.859863,2446550000
43493,7075.009766,7086.299805,7034.25,7085.680176,2448790000
43494,7087.490234,7092.290039,7011.470215,7028.290039,2106370000
43495,7094.790039,7201.310059,7065.569824,7183.080078,2569410000
43496,7208.169922,7303.120117,7205.950195,7281.740234,2947490000
43497,7256.370117,7299.939941,7243.410156,7263.870117,2398800000
43500,7266.279785,7348.22998,7261.069824,7347.540039,2106030000
43501,7356.339844,7408.680176,7355.359863,7402.080078,2284960000
43502,7400.439941,7410.77002,7346.720215,7375.279785,2179400000
43503,7316.5,7336.740234,7235.049805,7288.350098,2310700000
43504,7232.299805,7299.439941,7225.140137,7298.200195,2102520000
43507,7327.370117,7343.560059,7290.029785,7307.899902,1908490000
43508,7358.850098,7419.430176,7349.799805,7414.620117,2140130000
43509,7437.459961,7461.660156,7413.839844,7420.379883,2103840000
43510,7390.25,7454.419922,7375.709961,7426.950195,2117500000
43511,7468.569824,7477.279785,7440.259766,7472.410156,2263640000
43515,7450.75,7507.790039,7450.27002,7486.77002,2124140000
43516,7490.310059,7513.700195,7455.25,7489.069824,2202670000
43517,7475.410156,7485.75,7430.890137,7459.709961,2144680000
43518,7481.629883,7527.540039,7479.009766,7527.540039,2428560000
43521,7585.299805,7602.689941,7551.609863,7554.459961,2399410000
43522,7535.290039,7573.220215,7524.310059,7549.299805,2305760000
43523,7526.419922,7562.290039,7485.390137,7554.509766,2430790000
43524,7533.310059,7561.899902,7516.47998,7532.529785,2676790000
43525,7587.450195,7603.040039,7540.75,7595.350098,2490920000
43528,7636.620117,7643.660156,7501.560059,7577.569824,2582090000
43529,7582.290039,7598.660156,7543.540039,7576.359863,2166670000
43530,7575.379883,7579.02002,7499.870117,7505.919922,2256550000
43531,7483.790039,7489.080078,7397.189941,7421.459961,2462690000
43532,7334.350098,7411.52002,7332.919922,7408.140137,2260950000
43535,7442.560059,7558.22998,7442.399902,7558.060059,2248460000
43536,7571.850098,7611.129883,7560.459961,7591.029785,2171620000
43537,7621.379883,7677.069824,7619.459961,7643.410156,2379260000
43538,7644.790039,7653.100098,7627.02002,7630.910156,2198900000
43539,7658.410156,7714.959961,7652.040039,7688.529785,3451860000
43542,7696.379883,7737.669922,7677.740234,7714.47998,2302140000
43543,7747.399902,7767.890137,7699.149902,7723.950195,2457920000
43544,7721.950195,7779.240234,7674.040039,7728.970215,2464230000
43545,7705.430176,7850.109863,7705.430176,7838.959961,2502810000
43546,7800.25,7817.830078,7642.569824,7642.669922,2504740000
43549,7618.97998,7662.379883,7579.290039,7637.540039,2162490000
43550,7700,7738.169922,7649.209961,7691.52002,2080350000
43551,7702.049805,7712.839844,7582.089844,7643.379883,2244070000
43552,7660.069824,7689.160156,7619.819824,7669.169922,1922150000
43553,7726.709961,7733.620117,7688.509766,7729.319824,2311790000
43556,7800.240234,7831.450195,7777.089844,7828.910156,2230050000
43557,7824.609863,7854.919922,7811.279785,7848.689941,2123250000
43558,7891.180176,7938.259766,7870.899902,7895.549805,2509630000
43559,7894.259766,7917.649902,7844.959961,7891.779785,2152640000
43560,7914.509766,7940.450195,7909.140137,7938.689941,2157050000
43563,7924.890137,7955.899902,7891.850098,7953.879883,2075550000
43564,7924.77002,7945.549805,7897.609863,7909.279785,2078800000
43565,7922.72998,7965.330078,7916.899902,7964.240234,2012290000
43566,7975.200195,7975.200195,7933.410156,7947.359863,1969480000
43567,7984.149902,7992.089844,7952.609863,7984.160156,1968900000
43570,7987.160156,7993.330078,7933.569824,7976.009766,1827710000
43571,8000.569824,8017.560059,7978.810059,8000.22998,2102740000
43572,8044.970215,8052.399902,7973.379883,7996.080078,2317330000
43573,7998.450195,8002.310059,7950.970215,7998.060059,2124630000
43577,7969.370117,8017.149902,7965.899902,8015.27002,1790990000
43578,8026.75,8128.870117,8023.810059,8120.819824,2099410000
43579,8122.879883,8139.549805,8101.700195,8102.009766,2043310000
43580,8150.850098,8151.839844,8075.410156,8118.680176,2073370000
43581,8100.279785,8146.419922,8060.890137,8146.399902,1982560000
43584,8147.649902,8176.080078,8136.410156,8161.850098,1781860000
43585,8104.910156,8124.609863,8050.549805,8095.390137,2131850000
43586,8132.930176,8146,8048.22998,8049.640137,2273540000
43587,8046.47998,8094.060059,7976.77002,8036.77002,2211530000
43588,8092.879883,8164.709961,8084.799805,8164,2081080000
43591,7981.850098,8135.540039,7981.850098,8123.290039,1979650000
43592,8043.52002,8070.970215,7899.02002,7963.759766,2397600000
43593,7946.240234,8004.490234,7923.350098,7943.319824,2214680000
43594,7853.209961,7929.779785,7796.160156,7910.589844,2549500000
43595,7881.310059,7949.339844,7759.339844,7916.939941,2421470000
43598,7720.069824,7760.830078,7627.220215,7647.02002,2484820000
43599,7689.660156,7776.200195,7665.299805,7734.490234,2103140000
43600,7682.799805,7838.720215,7682.240234,7822.149902,2014080000
43601,7832.580078,7946.22998,7826.669922,7898.049805,2168720000
43602,7829.029785,7918.709961,7810.350098,7816.279785,2176380000
43605,7714.060059,7747.27002,7678.350098,7702.379883,2130700000
43606,7765.569824,7804.439941,7752.919922,7785.720215,2000130000
43607,7749.799805,7786.330078,7738.350098,7750.839844,1884660000
43608,7660.720215,7665.149902,7585.319824,7628.279785,2270530000
43609,7675.569824,7694.149902,7631.25,7637.009766,1685230000
43613,7655.660156,7693.740234,7603.759766,7607.350098,2378470000
43614,7553.02002,7581.109863,7503.939941,7547.310059,2282120000
43615,7565.459961,7595.899902,7527.660156,7567.720215,1875180000
43616,7470.950195,7506.859863,7448.22998,7453.149902,2239420000
43619,7441.209961,7457.660156,7292.220215,7333.02002,2580670000
43620,7413.939941,7529.5,7385.02002,7527.120117,2374130000
43621,7585.680176,7589.470215,7498.169922,7575.47998,2139290000
43622,7582.240234,7634.120117,7546.220215,7615.549805,2093470000
43623,7652.970215,7767.02002,7647.910156,7742.100098,2074120000
43626,7798.870117,7895.439941,7795.759766,7823.169922,2042340000
43627,7901.040039,7909.990234,7798.629883,7822.569824,2121150000
43628,7803.129883,7819.160156,7773.970215,7792.720215,1978930000
43629,7822.560059,7848.359863,7813.600098,7837.129883,1848360000
43630,7807.189941,7819.209961,7778.120117,7796.660156,1808370000
43633,7819.430176,7865.97998,7812.609863,7845.02002,1950550000
43634,7920.97998,8005.209961,7911.669922,7953.879883,2250550000
43635,7970.259766,7998.589844,7930.379883,7987.319824,2027520000
43636,8087.450195,8088.879883,7996.870117,8051.339844,2108250000
43637,8028.689941,8073.02002,8011.200195,8031.709961,2909540000
43640,8040.580078,8047.560059,8004.629883,8005.700195,2073470000
43641,8005.27002,8007.310059,7879.149902,7884.720215,2132550000
43642,7933.919922,7974.279785,7903.069824,7909.970215,2122730000
43643,7939.359863,7976.580078,7935.470215,7967.759766,2083920000
43644,7988.759766,8010.149902,7961.459961,8006.240234,4101490000
43647,8145.850098,8150.450195,8059.290039,8091.160156,2219030000
43648,8086.649902,8109.370117,8063.109863,8109.089844,1956590000
43649,8129.569824,8170.22998,8122.339844,8170.22998,1548240000
43651,8123.279785,8171.970215,8093.660156,8161.790039,1690700000
43654,8112.910156,8161.790039,8078.390137,8098.379883,1957160000
43655,8061.410156,8146.97998,8061.319824,8141.72998,1871430000
43656,8183.189941,8228.599609,8160.560059,8202.530273,2066640000
43657,8219.280273,8226.179688,8171.629883,8196.040039,1970690000
43658,8209.200195,8245.660156,8201.519531,8244.139648,1835960000
43661,8263.179688,8264.780273,8236.269531,8258.19043,1790770000
43662,8251.660156,8259.75,8204.230469,8222.799805,1947010000
43663,8224,8230.669922,8184.660156,8185.209961,1887120000
43664,8151.759766,8215.580078,8135.120117,8207.240234,2063790000
43665,8241.339844,8245.780273,8144.629883,8146.490234,1893050000
43668,8171.990234,8218.419922,8171.540039,8204.139648,1860440000
43669,8242.5,8251.830078,8193.889648,8251.400391,1845050000
43670,8227.360352,8321.80957,8226.5,8321.5,1953670000
43671,8294.679688,8295.950195,8233.400391,8238.540039,2058090000
43672,8294.299805,8339.639648,8291.120117,8330.209961,1975110000
43675,8325.099609,8325.280273,8247.370117,8293.330078,1882980000
43676,8231.769531,8295.459961,8228.019531,8273.610352,1893610000
43677,8290.799805,8299.830078,8110.02002,8175.419922,2679230000
43678,8190.560059,8311.040039,8080.52002,8111.120117,2815420000
43679,8056.419922,8068.799805,7953.669922,8004.069824,2262550000
43682,7823.330078,7836.450195,7662.899902,7726.040039,2661780000
43683,7804.509766,7845.009766,7739.569824,7833.27002,2217620000
43684,7747.27002,7881.379883,7702.419922,7862.830078,2470170000
43685,7921.589844,8041.120117,7896.149902,8039.160156,2442950000
43686,7997.189941,8020.560059,7910.350098,7959.140137,2221180000
43689,7907.490234,7924.990234,7833.790039,7863.410156,2068920000
43690,7852.370117,8065.240234,7851.580078,8016.359863,2353570000
43691,7877.330078,7900.279785,7762.870117,7773.939941,2543670000
43692,7790.200195,7805.930176,7716.549805,7766.620117,2190810000
43693,7828.350098,7907.52002,7828.350098,7895.990234,2018710000
43696,8006.180176,8026.75,7895.990234,8002.810059,1946440000
43697,7989.359863,8010.580078,7948.089844,7948.560059,1750730000
43698,8017.069824,8036.939941,7998.5,8020.209961,1721410000
43699,8038.790039,8048.580078,7937.120117,7991.390137,1780760000
43700,7943.649902,8005.339844,7730.77002,7751.77002,2214370000
43703,7829.580078,7856.040039,7789.049805,7853.740234,1691990000
43704,7908.779785,7916.830078,7795.180176,7826.950195,1914930000
43705,7798.350098,7866.870117,7766.669922,7856.879883,1663450000
43706,7945.779785,7992.290039,7925.830078,7973.390137,1703760000
43707,8015.160156,8017.910156,7914.740234,7962.879883,1668110000
43711,7906.439941,7940.370117,7847.319824,7874.160156,1938780000
43712,7949.810059,7981.410156,7928.939941,7976.879883,1893740000
43713,8061.290039,8134.419922,8061.290039,8116.830078,2108700000
43714,8125.580078,8134.390137,8098.52002,8103.069824,1878730000
43717,8130.910156,8131.660156,8052.339844,8087.439941,2186660000
43718,8049.97998,8086.529785,8001.680176,8084.160156,2366080000
43719,8091.680176,8169.680176,8081.560059,8169.680176,2322610000
43720,8206.580078,8243.799805,8176.72998,8194.469727,2228100000
43721,8190.569824,8210.200195,8165.470215,8176.709961,1984570000
43724,8121.640137,8165.330078,8121.25,8153.540039,1876540000
43725,8148.649902,8188.22998,8139.819824,8186.02002,1857350000
43726,8174.620117,8179.870117,8086.220215,8177.390137,2045590000
43727,8193.589844,8237.429688,8174.319824,8182.879883,1818430000
43728,8184.879883,8202.820313,8086.160156,8117.669922,3363230000
43731,8106.490234,8135.810059,8085.339844,8112.459961,1781750000
43732,8147.22998,8158.830078,7969.649902,7993.629883,2310940000
43733,7990.660156,8095,7935.569824,8077.379883,2022080000
43734,8070.120117,8072.109863,7991.02002,8030.660156,1886310000
43735,8047.109863,8051.830078,7890.279785,7939.629883,2041250000
43738,7964.089844,8012.160156,7949.629883,7999.339844,1809050000
43739,8026.830078,8062.5,7906.290039,7908.680176,2250500000
43740,7851.129883,7852.700195,7744.959961,7785.25,2503630000
43741,7787.02002,7872.259766,7700,7872.259766,2157220000
43742,7908.439941,7986.620117,7899.390137,7982.470215,1748000000
43745,7956.410156,8013.310059,7942.080078,7956.290039,1759580000
43746,7898.27002,7921.879883,7823.72998,7823.779785,1943700000
43747,7895.959961,7930.919922,7873.52002,7903.740234,1563500000
43748,7904.560059,7982.839844,7899.810059,7950.779785,1793470000
43749,8047.339844,8115.799805,8046.799805,8057.040039,2184790000
43752,8044.350098,8069.850098,8036.410156,8048.649902,1423700000
43753,8074.850098,8166.180176,8071.810059,8148.709961,1841660000
43754,8119.810059,8146.149902,8103.379883,8124.180176,1900010000
43755,8176.910156,8183.640137,8131.25,8156.850098,1864020000
43756,8149.850098,8157.359863,8045.370117,8089.540039,2020020000
43759,8137.419922,8164.140137,8117.259766,8162.990234,1756640000
43760,8188.120117,8194.620117,8101.97998,8104.299805,1850870000
43761,8090.240234,8122.879883,8078.350098,8119.790039,1822180000
43762,8180.040039,8187.839844,8137.660156,8185.799805,1893620000
43763,8150.589844,8249.969727,8150.589844,8243.120117,1911580000
43766,8285.769531,8335.55957,8285.269531,8325.990234,1959920000
43767,8313.349609,8319.290039,8275.139648,8276.849609,1842720000
43768,8284.280273,8315.5,8241.700195,8303.980469,1936060000
43769,8314.379883,8321.799805,8248.80957,8292.360352,2276140000
43770,8335.049805,8386.75,8326.55957,8386.400391,2071350000
43773,8445.5,8451.370117,8421.299805,8433.200195,2166830000
43774,8446.620117,8457.389648,8421.049805,8434.679688,2327420000
43775,8426.570313,8426.570313,8379.330078,8410.629883,2342570000
43776,8455.110352,8483.160156,8415.870117,8434.519531,2403680000
43777,8422.669922,8475.570313,8405.889648,8475.30957,1982140000
43780,8431.259766,8467.290039,8425.480469,8464.280273,1719300000
43781,8471.070313,8514.839844,8462.990234,8486.089844,2001440000
43782,8455.019531,8496.900391,8451.339844,8482.099609,2180010000
43783,8461.05957,8485.360352,8441.580078,8479.019531,2113840000
43784,8524.480469,8540.830078,8506.799805,8540.830078,2199480000
43787,8529.160156,8559.780273,8503.620117,8549.94043,2053260000
43788,8578.019531,8589.759766,8536.730469,8570.660156,2094030000
43789,8543.570313,8578.269531,8468.629883,8526.730469,2608780000
43790,8527.870117,8530.730469,8487.290039,8506.209961,2073720000
43791,8530.540039,8535.459961,8477.490234,8519.879883,1885730000
43794,8559.650391,8633.150391,8559.650391,8632.490234,2262750000
43795,8635.400391,8659.730469,8625.620117,8647.929688,2439370000
43796,8669.589844,8705.910156,8662.580078,8705.179688,1748520000
43798,8682.009766,8697.320313,8664.040039,8665.469727,1099090000
43801,8672.839844,8672.839844,8540.160156,8567.990234,2240300000
43802,8460.719727,8523.980469,8435.400391,8520.639648,2318760000
43803,8557.450195,8584.879883,8552.379883,8566.669922,2158870000
43804,8587.929688,8588.889648,8541.919922,8570.700195,2133380000
43805,8634.25,8665.44043,8630.580078,8656.530273,2057020000
43808,8650.860352,8678.849609,8619.769531,8621.830078,2123870000
43809,8623.55957,8650.759766,8600.820313,8616.179688,2058760000
43810,8631.120117,8658.480469,8622.360352,8654.049805,1982080000
43811,8645.360352,8745.820313,8633.599609,8717.320313,2396400000
43812,8713.910156,8768.870117,8697.580078,8734.879883,2219630000
43815,8791.30957,8833.450195,8789.769531,8814.230469,2368050000
43816,8829.469727,8831.990234,8804.599609,8823.360352,2382450000
43817,8834.650391,8848.759766,8820.419922,8827.740234,2742330000
43818,8838.969727,8888.129883,8838.969727,8887.219727,2446890000
43819,8911.839844,8931.910156,8901.870117,8924.959961,3830200000
43822,8950.200195,8956.639648,8934.549805,8945.650391,2028670000
43823,8955.009766,8957.120117,8934.360352,8952.879883,1014530000
43825,8970.209961,9022.459961,8968.459961,9022.389648,1639960000
43826,9049.469727,9052,8987.320313,9006.620117,1833740000
43829,9004.450195,9006.360352,8909.19043,8945.990234,2051320000
43830,8918.740234,8975.360352,8912.769531,8972.599609,2186830000
43832,9039.459961,9093.429688,9010.889648,9092.19043,2862700000
43833,8976.429688,9065.759766,8976.429688,9020.769531,2586520000
43836,8943.5,9072.410156,8943.5,9071.469727,2810450000
43837,9076.639648,9091.929688,9042.549805,9068.580078,2381740000
43838,9068.030273,9168.889648,9059.379883,9129.240234,2472620000
43839,9202.269531,9215.950195,9158.5,9203.429688,2540960000
43840,9232.950195,9235.200195,9164.660156,9178.860352,2382900000
43843,9213.719727,9274.490234,9193.05957,9273.929688,2536820000
43844,9270.610352,9298.330078,9226.490234,9251.330078,2553160000
43845,9253.759766,9298.820313,9231.139648,9258.700195,2443220000
43846,9313.450195,9357.919922,9301.320313,9357.129883,2312110000
43847,9392.370117,9393.480469,9346.80957,9388.94043,2542540000
43851,9361.070313,9397.580078,9350.200195,9370.80957,2686610000
43852,9413.610352,9439.290039,9375.129883,9383.769531,2454580000
43853,9377.719727,9409.200195,9334.129883,9402.480469,2465850000
43854,9446.209961,9451.429688,9273.230469,9314.910156,2622970000
43857,9092.459961,9185.450195,9088.040039,9139.30957,2593910000
43858,9201.820313,9288.870117,9182.330078,9269.679688,2169020000
43859,9318.259766,9329.120117,9249.040039,9275.160156,2234620000
43860,9211.150391,9303,9185.179688,9298.929688,2345370000
43861,9324.330078,9324.799805,9123.219727,9150.94043,2696090000
43864,9190.719727,9299.849609,9188.549805,9273.400391,2427320000
43865,9398.389648,9485.379883,9374.049805,9467.969727,2447340000
43866,9574.099609,9574.94043,9454.929688,9508.679688,2470240000
43867,9540.980469,9575.660156,9505.679688,9572.150391,2313860000
43868,9526.639648,9570.089844,9496.530273,9520.509766,2243720000
43871,9493.629883,9628.660156,9493.629883,9628.389648,2187520000
43872,9680.889648,9714.740234,9617.209961,9638.94043,2450070000
43873,9688.599609,9728.769531,9666.69043,9725.959961,2366510000
43874,9657.040039,9748.320313,9650.019531,9711.969727,2254870000
43875,9728.900391,9746.360352,9693.049805,9731.179688,2226720000
43879,9679.040039,9747.679688,9675.799805,9732.740234,2279420000
43880,9782.80957,9838.370117,9777.099609,9817.179688,2470860000
43881,9799.200195,9820.860352,9636.94043,9750.969727,2745730000
43882,9708.009766,9715.950195,9542.330078,9576.589844,2750160000
43885,9188.44043,9322.879883,9166.009766,9221.280273,3188590000
43886,9301.200195,9315.259766,8940.490234,8965.610352,3595520000
43887,9011.549805,9148.320313,8927.799805,8980.780273,3587950000
43888,8744.030273,8904.110352,8562.049805,8566.480469,4559900000
43889,8269.740234,8591.820313,8264.160156,8567.370117,5320020000
43892,8667.139648,8952.80957,8543.349609,8952.169922,4249020000
43893,8965.099609,9070.320313,8602.889648,8684.089844,4336700000
43894,8834.099609,9019.959961,8757.660156,9018.089844,3634760000
43895,8790.089844,8921.080078,8677.389648,8738.589844,3763860000
43896,8469.019531,8612.360352,8375.129883,8575.620117,4292730000
43899,7957.930176,8243.30957,7943.160156,7950.680176,4554110000
43900,8219.759766,8347.400391,7930.430176,8344.25,4447260000
43901,8136.25,8181.359863,7850.950195,7952.049805,4302610000
43902,7398.580078,7712.330078,7194.669922,7201.799805,5099350000
43903,7610.390137,7875.930176,7219.089844,7874.879883,4701070000
43906,7392.72998,7422.200195,6882.859863,6904.589844,4618120000
43907,7072,7406.22998,6828.910156,7334.779785,4920210000
43908,6902.319824,7182.830078,6686.359863,6989.839844,4935000000
43909,6996.450195,7341.379883,6858.379883,7150.580078,4778490000
43910,7248.069824,7354.439941,6854.669922,6879.52002,5260300000
43913,6847.279785,6984.939941,6631.419922,6860.669922,4348410000
43914,7196.149902,7418.370117,7169.859863,7417.859863,4441080000
43915,7421.359863,7671.209961,7276.399902,7384.299805,4683630000
43916,7462.209961,7809.830078,7462.209961,7797.540039,4014670000
43917,7554.25,7716.240234,7491.140137,7502.379883,3989120000
43920,7583.459961,7784.350098,7539.970215,7774.149902,3870770000
43921,7740.060059,7880.310059,7642.859863,7700.100098,4078960000
43922,7459.5,7566.370117,7301.97998,7360.580078,3700040000
43923,7317.450195,7501.700195,7307.950195,7487.310059,3622170000
43924,7477.27002,7518.720215,7288.109863,7373.080078,3294260000
43927,7660.169922,7938.330078,7617.790039,7913.240234,3849130000
43928,8129.990234,8146.430176,7881.220215,7887.259766,4085960000
43929,7975.720215,8114.430176,7901.939941,8090.899902,3487440000
43930,8169.009766,8227.910156,8072.319824,8153.580078,4145460000
43934,8127.689941,8200.44043,8035.950195,8192.419922,3184660000
43935,8353.209961,8531.110352,8338.080078,8515.740234,3767410000
43936,8355.959961,8464.660156,8308.790039,8393.179688,3347920000
43937,8479.110352,8560.160156,8393.269531,8532.360352,4057800000
43938,8667.480469,8670.299805,8531.69043,8650.139648,4348310000
43941,8553.379883,8684.910156,8553.379883,8560.730469,3827370000
43942,8460.69043,8480.290039,8215.69043,8263.230469,3788180000
43943,8434.549805,8537.30957,8404.540039,8495.379883,3041520000
43944,8528.839844,8635.230469,8475.200195,8494.75,3759890000
43945,8530.080078,8642.929688,8464.419922,8634.519531,3696020000
43948,8717.980469,8754.570313,8697.370117,8730.160156,3694980000
43949,8825.69043,8830.570313,8600.700195,8607.730469,3730350000
43950,8802.700195,8957.269531,8765.009766,8914.709961,4407140000
43951,8911.019531,8926.110352,8825.830078,8889.549805,4335660000
43952,8681.290039,8754.459961,8566.839844,8604.950195,3741300000
43955,8555.320313,8715.820313,8537.830078,8710.709961,3443140000
43956,8809.660156,8909.959961,8781.30957,8809.120117,3933550000
43957,8874.700195,8933.25,8819.370117,8854.389648,3656750000
43958,8973.780273,9015.990234,8932.860352,8979.660156,3787220000
43959,9056.889648,9125.980469,9018.209961,9121.320313,3813630000
43962,9054.910156,9241.919922,9053.169922,9192.339844,3925450000
43963,9225.150391,9250.959961,9000.070313,9002.549805,4336510000
43964,9006.049805,9074.160156,8752.679688,8863.169922,4273210000
43965,8788.040039,8945.709961,8705.25,8943.719727,3965970000
43966,8839.990234,9018.400391,8821.379883,9014.55957,4240690000
43969,9177.150391,9267.219727,9154.349609,9234.830078,4341820000
43970,9227.459961,9317.25,9183.25,9185.099609,4193550000
43971,9305.620117,9392.820313,9304.200195,9375.780273,4315500000
43972,9375.19043,9405.25,9254.849609,9284.879883,3745270000
43973,9278.549805,9328.280273,9239.410156,9324.589844,3668070000
43977,9501.209961,9501.209961,9333.160156,9340.219727,4448950000
43978,9346.120117,9414.620117,9144.280273,9412.360352,4489110000
43979,9392.990234,9523.639648,9345.280273,9368.990234,4113660000
43980,9382.349609,9505.549805,9324.730469,9489.870117,4742290000
43983,9471.419922,9571.280273,9462.320313,9552.049805,3847770000
43984,9566.530273,9611.219727,9472.080078,9608.379883,3990080000
43985,9651.860352,9707.780273,9627.169922,9682.910156,4679030000
43986,9649.650391,9716.139648,9560.410156,9615.80957,6141320000
43987,9703.540039,9845.69043,9685.349609,9814.080078,6607730000
43990,9823.44043,9927.129883,9780.610352,9924.75,6197330000
43991,9867.19043,10002.5,9863.269531,9953.75,5319450000
43992,10012.32031,10086.88965,9962.580078,10020.34961,5170860000
43993,9791.240234,9868.080078,9491.30957,9492.730469,5300850000
43994,9715.870117,9768.639648,9413.620117,9588.80957,4388990000
43997,9426.900391,9756.070313,9403,9726.019531,4476010000
43998,9949.780273,9963.629883,9748.379883,9895.870117,4669320000
43999,9943.30957,9991.209961,9891.80957,9910.530273,4279700000
44000,9892.480469,9959.200195,9885.660156,9943.049805,4335320000
44001,10042.12988,10053.91016,9872.94043,9946.120117,6093830000
44004,9945.490234,10059.61035,9916.599609,10056.48047,4506960000
44005,10130.83008,10221.84961,10112.44043,10131.37012,5755170000
44006,10092.91992,10137.5,9842.219727,9909.169922,5589130000
44007,9899.360352,10023.28027,9810.469727,10017,4779640000
44008,9995.120117,10000.66992,9749.070313,9757.219727,7309380000
44011,9771.719727,9877.339844,9663.610352,9874.150391,4336290000
44012,9875.290039,10085.58984,9863.669922,10058.76953,4510190000
44013,10063.66992,10197.19043,10048.04004,10154.62988,4624430000
44014,10268.66992,10310.36035,10194.05957,10207.62988,4038920000
44018,10360.37988,10462.04981,10354.98047,10433.65039,4570260000
44019,10412.45996,10518.98047,10337.98047,10343.88965,4337130000
44020,10409.34961,10494.62988,10350.95996,10492.5,4030210000
44021,10563.71973,10578.09961,10379.91016,10547.75,4013180000
44022,10545.91016,10622.34961,10447.00977,10617.44043,3537510000
44025,10729.91992,10824.78027,10368.04004,10390.83984,4851880000
44026,10310.25,10497.83008,10182.45996,10488.58008,4461770000
44027,10576.71973,10604.66992,10420.54004,10550.49023,4647070000
44028,10443.87012,10499.79004,10364.38965,10473.83008,4277760000
44029,10500.51953,10532.62012,10421.20996,10503.19043,4361480000
44032,10526.01953,10783.79981,10488.04004,10767.08984,4314630000
44033,10837.87988,10839.92969,10650.45996,10680.36035,5350750000
44034,10687.58008,10745.32031,10627.4502,10706.12988,4128960000
44035,10689.5,10728.12012,10407.87012,10461.41992,4501540000
44036,10294.41016,10418.75,10217.30957,10363.17969,4233390000
44039,10421.7002,10546.44043,10399.86035,10536.26953,4244570000
44040,10509.2002,10523.63965,10397.87012,10402.08984,3894660000
44041,10474.7002,10567.91016,10464,10542.94043,4009640000
44042,10450.12012,10609.58984,10412.08984,10587.80957,4185810000
44043,10741.46973,10747.79981,10557.7002,10745.26953,4438730000
44046,10848.63965,10927.55957,10831.15039,10902.79981,4203890000
44047,10897.88965,10941.91016,10852.90039,10941.16992,4016520000
44048,10967.87012,11002.11035,10943.71973,10998.40039,4160740000
44049,10989.98047,11121.19043,10963.41016,11108.07031,4120000000
44050,11072.53027,11126.04004,10920.37012,11010.98047,4263930000
44053,11033.73047,11040.24023,10849.45996,10968.36035,4048420000
44054,10942.66016,10989.41992,10762.70996,10782.82031,4331770000
44055,10878.12012,11036.71973,10877.16016,11012.24023,3745230000
44056,11026.86035,11124.84961,11007.5,11042.5,3480470000
44057,11042.24023,11058.44043,10972.05957,11019.29981,3514260000
44060,11083.25,11144.53027,11080.29981,11129.73047,3214870000
44061,11170.75,11230.62012,11103.83008,11210.83984,3228590000
44062,11214.79981,11257.41992,11132.09961,11146.45996,3496480000
44063,11096.40039,11283.62012,11090.03027,11264.9502,4215130000
44064,11258.44043,11326.20996,11245.44043,11311.79981,3929290000
44067,11449.25,11462.04981,11297.53027,11379.71973,3907310000
44068,11370.23047,11468.25977,11343.04004,11466.46973,3475280000
44069,11516.62012,11672.04981,11507.45996,11665.05957,3471520000
44070,11688.19043,11730.00977,11551.00977,11625.33984,3547400000
44071,11689.28027,11708.76953,11634.76953,11695.62988,3012980000
44074,11718.80957,11829.83984,11697.41992,11775.45996,3612050000
44075,11850.95996,11945.71973,11794.78027,11939.66992,3511060000
44076,12047.25977,12074.05957,11836.17969,12056.44043,3982360000
44077,11861.90039,11894.40039,11361.36035,11458.09961,4465010000
44078,11396.24023,11531.17969,10875.87012,11313.12988,4284440000
44082,10900.7002,11131.5,10837.2002,10847.69043,3905420000
44083,11064.75977,11217.69043,10970.4502,11141.55957,3550660000
44084,11235.53027,11299.53027,10875.01953,10919.58984,3840010000
44085,11010.07031,11033.04004,10728.03027,10853.54981,3630250000
44088,11010.13965,11118.29004,10982.25977,11056.65039,3737610000
44089,11193.95996,11244.45996,11127.98047,11190.32031,3786110000
44090,11222.08008,11245.41992,11046.42969,11050.46973,3678020000
44091,10796.04981,10974.4502,10783.80957,10910.28027,3740110000
44092,10973.4502,10977.67969,10639.9502,10793.28027,5759090000
44095,10610.13965,10782.74023,10519.49023,10778.79981,3900970000
44096,10873.29981,10979.65039,10737.51953,10963.63965,3515440000
44097,10950.82031,10962.03027,10612.91016,10632.99023,4097320000
44098,10551.01953,10799.54981,10520.21973,10672.26953,4086360000
44099,10680.45996,10939.54981,10639.98047,10913.55957,3785270000
44102,11084.37988,11120.79004,11019.13965,11117.53027,3591740000
44103,11109,11153.23047,11065.62988,11085.25,3389040000
44104,11092.90039,11277.95996,11092.90039,11167.50977,4260630000
44105,11291.99023,11344.12988,11240.53027,11326.50977,4005900000
44106,11082.53027,11244.87012,11033.69043,11075.01953,3731510000
44109,11169.11035,11335.20996,11162.51953,11332.49023,3623920000
44110,11314.53027,11392.41016,11124.4502,11154.59961,4390960000
44111,11271.67969,11380.55957,11258.34961,11364.59961,3910770000
44112,11443.34961,11448.23047,11384.33008,11420.98047,3507570000
44113,11487.59961,11581.23047,11476.66016,11579.94043,3504230000
44116,11732.33008,11965.54004,11704.12988,11876.25977,3885030000
44117,11901.75977,11946.98047,11821.83008,11863.90039,3634130000
44118,11889.07031,11939.91992,11714.34961,11768.73047,3410410000
44119,11559.87988,11740.67969,11559.09961,11713.87012,3325270000
44120,11761.83008,11827.41992,11648.53027,11671.55957,3166980000
44123,11732.33984,11778.11035,11454.57031,11478.87988,3477410000
44124,11531.83008,11632.88965,11471.23047,11516.49023,3510040000
44125,11530.38965,11613.79004,11476.08008,11484.69043,3467310000
44126,11526.96973,11548.76953,11369.29004,11506.00977,3434040000
44127,11536.00977,11548.84961,11434.86035,11548.28027,3145570000
44130,11440.63965,11545.62988,11221.05957,11358.94043,3205100000
44131,11409.33984,11465.05957,11361.86035,11431.34961,3104770000
44132,11230.90039,11249.9502,10999.07031,11004.87012,3930690000
44133,11064.46973,11287.62988,11030.19043,11185.58984,3244190000
44134,11103.46973,11129.80957,10822.57031,10911.58984,3671600000
44137,11010.4502,11071.08008,10830.9502,10957.61035,3209000000
44138,11038.66016,11213.91992,11004.83984,11160.57031,3216580000
44139,11443.76953,11663.30957,11394.20996,11590.78027,3620760000
44140,11816.33008,11924.28027,11784.15039,11890.92969,3848160000
44141,11869.90039,11920.54004,11737.12988,11895.23047,4183220000
44144,12046.66016,12108.07031,11703.49023,11713.78027,5863900000
44145,11622.44043,11665.87012,11424.61035,11553.86035,4736560000
44146,11656.65039,11793.57031,11638.90039,11786.42969,3854680000
44147,11802.5,11847.83984,11666.37012,11709.58984,3886670000
44148,11794.94043,11849.79004,11715.51953,11829.29004,3654230000
44151,11847.11035,11937.71973,11814.88965,11924.12988,4172570000
44152,11913.34961,11950.17969,11852.41016,11899.33984,4145030000
44153,11896.05957,11942.49023,11799.95996,11801.59961,4731420000
44154,11779.04004,11912.62988,11760.98047,11904.70996,5385190000
44155,11892.7002,11935.46973,11852.50977,11854.96973,5350970000
44158,11916.75977,11949.33008,11796.53027,11880.62988,5473250000
44159,11939.33008,12049.87988,11863.4502,12036.79004,6339580000
44160,12053.88965,12114.76953,12020.9502,12094.40039,4448640000
44162,12159.17969,12236.23047,12154.57031,12205.84961,3401830000
44165,12224.25,12244.65039,12027.16016,12198.74023,7760390000
44166,12313.36035,12405.79004,12263.92969,12355.11035,6512420000
44167,12285.75,12360.05957,12217.34961,12349.37012,5194960000
44168,12369.25977,12439.01953,12356.99023,12377.17969,5209980000
44169,12399.32031,12464.23047,12376.44043,12464.23047,5086900000
44172,12461,12536.23047,12460.54981,12519.9502,4771820000
44173,12503.16992,12594.54004,12453.20996,12582.76953,4809480000
44174,12591.69043,12607.13965,12290.78027,12338.9502,5168450000
44175,12247.54981,12431.55957,12214.74023,12405.80957,4518580000
44176,12336.79004,12383.5,12246.76953,12377.87012,4292680000
44179,12447.44043,12543,12432.70996,12440.04004,4491930000
44180,12543.25977,12596.12988,12465.41992,12595.05957,4423650000
44181,12611.04004,12687.32031,12566.37988,12658.19043,4592700000
44182,12730.78027,12765.25,12696.34961,12764.75,5029830000
44183,12804.92969,12809.59961,12654.59961,12755.63965,7125800000
44186,12596.13965,12751.26953,12525.21973,12742.51953,5192860000
44187,12785.21973,12840.57031,12695.30957,12807.91992,5811850000
44188,12834.94043,12841.91992,12758.66992,12771.11035,7100250000
44189,12791.54004,12833.54981,12767.63965,12804.73047,3305960000
44193,12914.63965,12930.88965,12827.4502,12899.41992,5109140000
44194,12965.38965,12973.33008,12821.95996,12850.21973,4726920000
44195,12906.50977,12924.92969,12857.75977,12870,5343010000
44196,12877.08984,12902.07031,12821.23047,12888.28027,4815840000
44200,12958.51953,12958.71973,12543.24023,12698.4502,6636170000
44201,12665.65039,12828.26953,12665.65039,12818.95996,6971860000
44202,12666.15039,12909.62988,12649.99023,12740.79004,7689880000
44203,12867.33984,13090.91016,12867.33984,13067.48047,6841480000
44204,13160.21973,13208.08984,13036.54981,13201.98047,7289390000
44207,13048.78027,13138.26953,12999.50977,13036.42969,6960470000
44208,13062.05957,13105.04004,12963.91992,13072.42969,7264070000
44209,13088.00977,13171.15039,13051.05957,13128.9502,7104810000
44210,13174.75,13220.16016,13098.41016,13112.63965,6734100000
44211,13099.90039,13139.83008,12949.75977,12998.5,6458360000
44215,13132.73047,13206.86035,13078.7002,13197.17969,6297860000
44216,13342.54981,13486.12988,13329.76953,13457.25,6820990000
44217,13521.48047,13560.34961,13454.07031,13530.91016,7258640000
44218,13474.80957,13567.13965,13463.66016,13543.05957,5972750000
44221,13681.20996,13728.98047,13368.67969,13635.99023,7193710000
44222,13681.71973,13702.69043,13603.19043,13626.05957,6849600000
44223,13486.58008,13538.41992,13192.91016,13270.59961,11621190000
44224,13323.29004,13507.63965,13316.51953,13337.16016,9959270000
44225,13284.71973,13322,12985.04981,13070.69043,7872250000
44228,13226.17969,13431.45996,13132.46973,13403.38965,7092520000
44229,13543.09961,13652.7002,13535.86035,13612.78027,7325270000
44230,13718.30957,13723.83008,13585.33984,13610.54004,7546940000
44231,13674.05957,13778.41992,13631.62012,13777.74023,7295370000
44232,13824.87988,13878.16016,13761.66016,13856.29981,6792910000
44235,13937.05957,13987.74023,13894.15039,13987.63965,8564530000
44236,13966.82031,14044.9502,13966.54981,14007.7002,8766770000
44237,14093.34961,14109.12012,13845.46973,13972.53027,10785930000
44238,14045.20996,14058.91016,13916.84961,14025.76953,10916780000
44239,13979.20996,14102.04004,13937.70996,14095.46973,7416940000
44243,14152.20996,14175.12012,13995.4502,14047.5,7722100000
44244,13911.65039,13976.42969,13804.25977,13965.49023,7280500000
44245,13814.66992,13905.95996,13714.34961,13865.36035,6499420000
44246,13929.2002,13985.58008,13842.59961,13874.45996,6737820000
44249,13714.2002,13757.05957,13530.95996,13533.04981,6483740000
44250,13262.61035,13526.08984,13003.98047,13465.2002,7516510000
44251,13400.25,13607.36035,13286.58984,13597.96973,5886230000
44252,13512.63965,13602.86035,13066.37988,13119.42969,6390380000
44253,13232.90039,13368.05957,13024.53027,13192.34961,5906110000
44256,13406.16016,13596.58984,13362.66016,13588.83008,5079530000
44257,13599.4502,13601.33008,13352,13358.79004,4948140000
44258,13336.25,13372.51953,12995.07031,12997.75,5529980000
44259,12953.99023,13068.70996,12553.95996,12723.46973,7864380000
44260,12860.04004,12941.20996,12397.04981,12920.15039,7725200000
44263,12904.25977,13001,12599.23047,12609.16016,6010230000
44264,12923.07031,13151.54004,12882.49023,13073.82031,6345560000
44265,13234.73047,13277.11035,13035.44043,13068.83008,6023880000
44266,13273.30957,13433.62012,13246.33008,13398.66992,6008850000
44267,13222.80957,13324.69043,13158.71973,13319.86035,5497210000
44270,13323.46973,13460.34961,13272.5,13459.70996,5972370000
44271,13523.16992,13620.70996,13397.08008,13471.57031,5493890000
44272,13336.91016,13595,13272.69043,13525.2002,5536110000
44273,13349.2002,13384.45996,13101.91992,13116.16992,5739720000
44274,13119.90039,13252.37012,13039.4502,13215.24023,7630590000
44277,13278.78027,13455.63965,13278.78027,13377.54004,5321760000
44278,13381.42969,13405.15039,13202.42969,13227.7002,5675010000
44279,13289.24023,13292.91992,12961.34961,12961.88965,6248650000
44280,12844.58008,13021.86035,12786.80957,12977.67969,5634290000
44281,12996.03027,13149.54981,12878.71973,13138.73047,5224360000
44284,13103.96973,13143.41016,12968.16016,13059.65039,4965090000
44285,13008.79981,13075.75,12922.57031,13045.38965,4721950000
44286,13122.57031,13325.54004,13118.37988,13246.87012,5004720000
44287,13414.32031,13487.08008,13404.17969,13480.11035,4576480000
44291,13594.90039,13720.58008,13582.75977,13705.58984,4459000000
44292,13681.66992,13776.70996,13674.28027,13698.37988,4073710000
44293,13675.29981,13733.03027,13653.58984,13688.83984,4098740000
44294,13796.88965,13830.13965,13758.70996,13829.30957,4153600000
44295,13787.01953,13905.41016,13748.34961,13900.19043,3926110000
44298,13854.44043,13877,13783.9502,13850,4250900000
44299,13902.4502,14011.50977,13902.4502,13996.09961,4219360000
44300,14004.08008,14033.62988,13839.04004,13857.83984,4120770000
44301,13983.23047,14049.12988,13970.41992,14038.75977,4406880000
44302,14059.11035,14062.5,13977.04981,14052.33984,4427780000
44305,13984.58008,14041.79004,13842.57031,13914.76953,4379610000
44306,13894.45996,13927.66992,13698.66992,13786.26953,4245120000
44307,13745.76953,13951.34961,13706.86035,13950.21973,3999620000
44308,13952.57031,14015.87012,13771.04004,13818.41016,4420820000
44309,13861.37012,14062.74023,13856.83008,14016.80957,4355100000
44312,14052.37988,14154.03027,14019.5,14138.78027,4506210000
44313,14170.91016,14171.24023,14064.28027,14090.21973,4691460000
44314,14082.78027,14133.65039,14034.7002,14051.03027,4559710000
44315,14204.50977,14211.57031,13952.79981,14082.54981,4928030000
44316,13970.73047,14084.75977,13941.62988,13962.67969,4792460000
44319,14031.76953,14042.12012,13881.50977,13895.12012,4761430000
44320,13774.50977,13795.57031,13485.58984,13633.5,5879730000
44321,13731.12988,13753.04981,13553.92969,13582.41992,4535690000
44322,13557.83008,13635.73047,13439.38965,13632.83984,5021400000
44323,13723.08984,13828.62012,13690.75,13752.24023,4391100000
44326,13687.58984,13687.92969,13401.74023,13401.86035,4818670000
44327,13115.84961,13423.30957,13107.66992,13389.42969,4738390000
44328,13215.49023,13288.61035,13002.54004,13031.67969,4752930000
44329,13150.94043,13247.87012,13007.24023,13124.99023,4698110000
44330,13255.65039,13460.87988,13242.96973,13429.98047,4022610000
44333,13368.79981,13399.16992,13265.40039,13379.04981,3997780000
44334,13416.90039,13485.33984,13299.92969,13303.63965,4301300000
44335,13078.19043,13304.61035,13072.23047,13299.74023,4333520000
44336,13356.62988,13563.51953,13355.70996,13535.74023,3990760000
44337,13616.19043,13616.58008,13463.25977,13470.99023,3733940000
44340,13557.20996,13708.84961,13551.00977,13661.16992,3509470000
44341,13721.54004,13751.13965,13631.79981,13657.16992,4128990000
44342,13693.94043,13750.16016,13679.58984,13738,4264500000
44343,13742.58984,13776.51953,13701.62988,13736.28027,5087180000
44344,13792.04981,13820.87012,13747.61035,13748.74023,4447940000
44348,13829.05957,13836.16992,13678.76953,13736.48047,4186280000
44349,13743.24023,13775.88965,13689.74023,13756.33008,5097630000
44350,13655.75,13684.12988,13548.92969,13614.50977,5396250000
44351,13697.25,13826.82031,13692.00977,13814.49023,4360710000
44354,13802.82031,13889.11035,13784.88965,13881.71973,4639210000
44355,13946.32031,13981.71973,13831.98047,13924.91016,5958410000
44356,13980.23047,14003.5,13906.4502,13911.75,5640490000
44357,13933.87988,14031.19043,13904.40039,14020.33008,4919880000
44358,14030.84961,14069.41992,14006.58984,14069.41992,4157580000
44361,14083.46973,14175.4502,14056.66992,14174.13965,4415160000
44362,14166.63965,14171.01953,14052.16016,14072.86035,4554580000
44363,14085.54981,14129.69043,13903.73047,14039.67969,4683030000
44364,13999.12988,14196.20996,13998.92969,14161.34961,4558280000
44365,14096.92969,14129.21973,14009.04004,14030.37988,6126070000
44368,14047.41992,14150.78027,13960.04004,14141.48047,4562010000
44369,14138.29004,14269.76953,14121,14253.26953,4433140000
44370,14263.37988,14317.66016,14246.29981,14271.73047,4417470000
44371,14357.26953,14414.45996,14333.7002,14369.70996,4324620000
44372,14400.80957,14409.08008,14337.65039,14360.38965,7468090000
44375,14417.80957,14505.19043,14417.2002,14500.50977,4283000000
44376,14509.19043,14535.96973,14471.37988,14528.33008,4901300000
44377,14509.84961,14526.80957,14478.05957,14503.9502,5293810000
44378,14493.69043,14533.54981,14439.40039,14522.37988,4410470000
44379,14582.98047,14649.11035,14555.33984,14639.33008,3751420000
44383,14661.54981,14687,14529.79981,14663.63965,4489540000
44384,14753.41016,14755.33008,14580.79004,14665.05957,4605630000
44385,14409.2002,14610.05957,14371.58984,14559.78027,4575010000
44386,14578.42969,14710.2002,14552.25977,14701.91992,3826500000
44389,14743.86035,14761.08008,14672.62988,14733.24023,3897090000
44390,14715.12988,14803.67969,14660.19043,14677.65039,4583460000
44391,14780.90039,14790.54981,14632.9502,14644.9502,4496220000
44392,14635.78027,14650.37012,14451.79981,14543.12988,4512550000
44393,14597.50977,14623.01953,14413.32031,14427.24023,4069530000
44396,14235.98047,14313.59961,14178.66016,14274.98047,4537130000
44397,14330.45996,14555.75,14271.23047,14498.87988,4652450000
44398,14508.75,14633.13965,14498.65039,14631.9502,4098520000
44399,14652.71973,14694.19043,14617.87012,14684.59961,3597540000
44400,14753.05957,14846.05957,14698.76953,14836.99023,3997250000
44403,14821.03027,14863.65039,14790.49023,14840.70996,4437090000
44404,14807.9502,14811.08008,14503.75977,14660.58008,4329230000
44405,14715.66016,14798.87988,14645.62988,14762.58008,4268210000
44406,14771.16992,14833.74023,14761.37988,14778.25977,3928640000
44407,14615.84961,14728.78027,14615.84961,14672.67969,3645050000
44410,14758.59961,14770.41016,14665.66992,14681.07031,3746130000
44411,14713.99023,14762.59961,14584.08984,14761.29004,4141370000
44412,14747.20996,14812.37012,14734.12012,14780.53027,4337330000
44413,14794.08008,14896.46973,14776.03027,14895.12012,4107300000
44414,14864.21973,14890.17969,14788.58984,14835.75977,4173090000
44417,14855.75977,14883.80957,14802.69043,14860.17969,4111640000
44418,14887.75,14894.61035,14754.48047,14788.08984,3991770000
44419,14834.37988,14842.5,14692.41016,14765.13965,4002340000
44420,14751.36035,14824.30957,14698.94043,14816.25977,4049000000
44421,14825.07031,14850.61035,14797.21973,14822.90039,4061070000
44424,14771.53027,14794.67969,14610.01953,14793.75977,3973920000
44425,14670.55957,14716.9502,14550.87988,14656.17969,4168880000
44426,14636.24023,14697.25,14516.29981,14525.91016,3841840000
44427,14423.16016,14610.75977,14423.16016,14541.79004,4191490000
44428,14571.53027,14722.16016,14571.53027,14714.66016,3886340000
44431,14776.98047,14963.46973,14776.98047,14942.65039,3906780000
44432,14978.13965,15034.88965,14965.54004,15019.79981,3809750000
44433,15039.03027,15059.42969,15011.58008,15041.86035,3654150000
44434,15025.16992,15059.62988,14939.55957,14945.80957,3630900000
44435,14969.76953,15144.48047,14966.51953,15129.5,4048610000
44438,15165.94043,15288.08008,15165.12012,15265.88965,4061760000
44439,15262.87988,15278.95996,15202.66992,15259.24023,4188020000
44440,15308.98047,15379.5,15302.11035,15309.37988,4271690000
44441,15358.46973,15380.07031,15285.34961,15331.17969,4050510000
44442,15313.41016,15375.55957,15283.66992,15363.51953,3706990000
44446,15375.98047,15403.44043,15343.28027,15374.33008,4014250000
44447,15360.34961,15360.34961,15206.61035,15286.63965,4131560000
44448,15296.05957,15352.37988,15245.16992,15248.25,4031140000
44449,15332.91992,15349.46973,15111.30957,15115.49023,4587150000
44452,15211.42969,15215.44043,15030.84961,15105.58008,4723370000
44453,15168.4502,15181.19043,15008.29981,15037.75977,4593140000
44454,15071.33984,15174.37988,14984.67969,15161.53027,4465140000
44455,15120.08984,15205.5,15047.13965,15181.91992,3701500000
44456,15163.36035,15166.55957,14998.73047,15043.96973,6709540000
44459,14758.13965,14841.82031,14530.07031,14713.90039,4879490000
44460,14803.36035,14847.03027,14696.46973,14746.40039,4083010000
44461,14800.58984,14950.12012,14767.00977,14896.84961,4252490000
44462,14960,15085.44043,14932.50977,15052.24023,4196130000
44463,14961.61035,15067.55957,14946.57031,15047.7002,3992150000
44466,14954.17969,15003.16016,14864.95996,14969.96973,4650790000
44467,14787.20996,14817.74023,14539.87988,14546.67969,4989510000
44468,14614.87988,14676.62012,14493.66992,14512.44043,5294600000
44469,14582.59961,14632.36035,14444.29981,14448.58008,5950950000
44470,14494.92969,14606.82031,14324.00977,14566.7002,4710720000
44473,14493.12012,14499.74023,14181.69043,14255.48047,4557110000
44474,14312.86035,14508.65039,14299.78027,14433.83008,4176390000
44475,14289.4502,14509.54981,14259.07031,14501.91016,4465910000
44476,14631.79981,14755.71973,14615.13965,14654.01953,3984180000
44477,14694.71973,14699.91016,14569.67969,14579.54004,3571380000
44480,14540.08008,14665.99023,14482.62012,14486.2002,3539540000
44481,14539.08984,14552.70996,14441.59961,14465.91992,4063830000
44482,14537.16992,14589.28027,14471.87988,14571.63965,4053580000
44483,14717.5,14827.55957,14699.51953,14823.42969,4262400000
44484,14891.24023,14904.98047,14847.95996,14897.33984,4494440000
44487,14839.74023,15026.67969,14833.28027,15021.80957,4167740000
44488,15073.12988,15137.84961,15049.73047,15129.08984,4483400000
44489,15160,15178.38965,15071.15039,15121.67969,4117050000
44490,15104.79981,15222.25,15094.13965,15215.7002,4961860000
44491,15158.07031,15193.00977,15021.01953,15090.2002,5775770000
44494,15142.91992,15259.62988,15070.75,15226.70996,5750200000
44495,15317.5,15384,15198.23047,15235.70996,7173230000
44496,15276,15364.54004,15235.83984,15235.83984,6130110000
44497,15304.74023,15452.29981,15290.30957,15448.12012,5714890000
44498,15323.29004,15504.12012,15323.29004,15498.38965,5338290000
44501,15541.25977,15598.9502,15470.82031,15595.91992,5273950000
44502,15583.98047,15656.59961,15569.26953,15649.59961,5129370000
44503,15658.51953,15821.57031,15616.44043,15811.58008,5325110000
44504,15849.74023,15966.08984,15827.66016,15940.30957,5297250000
44505,16003.55957,16053.38965,15900.78027,15971.58984,5566400000
44508,15995.71973,16038.23047,15961.80957,15982.36035,5723650000
44509,16024.12988,16035.20996,15836.67969,15886.54004,5574660000
44510,15753.83984,15867.24023,15543.67969,15622.70996,5369110000
44511,15752.08008,15768.03027,15695.76953,15704.28027,4570460000
44512,15752.62012,15874.57031,15705.37988,15860.95996,5446540000
44515,15894.82031,15918.4502,15778.30957,15853.84961,5020180000
44516,15840.32031,15989.61035,15825,15973.86035,5533020000
44517,15973.62012,15998.57031,15909.38965,15921.57031,5049320000
44518,15973.38965,16010.87988,15848.83008,15993.70996,5391360000
44519,16042.16016,16121.12012,16017.23047,16057.44043,4875310000
44522,16120.91992,16212.23047,15851.04004,15854.75977,5567830000
44523,15809.5,15895.86035,15601.45996,15775.13965,5434380000
44524,15677.87988,15848.55957,15591.36035,15845.23047,4197090000
44526,15664.37988,15731.54004,15456.08984,15491.66016,3502170000
44529,15719.41992,15833.11035,15644.61035,15782.83008,4836230000
44530,15716.5,15828.2002,15451.38965,15537.69043,6631470000
44531,15752.26953,15816.82031,15243.92969,15254.04981,6320260000
44532,15181.82031,15444.54004,15150.12012,15381.32031,5418340000
44533,15428.70996,15470.36035,14931.05957,15085.46973,5900290000
44536,15117.62988,15281.99023,14931.61035,15225.15039,5115230000
44537,15510.91016,15720.08984,15507.66016,15686.91992,5116490000
44538,15690.65039,15792.63965,15618.87988,15786.99023,4615390000
44539,15720.54004,15796.04981,15511.12012,15517.37012,4515600000
44540,15629.58984,15677.59961,15477.84961,15630.59961,4426210000
44543,15621.26953,15637.05957,15408.25,15413.28027,4573920000
44544,15215.95996,15317.54981,15097.34961,15237.63965,4865990000
44545,15230.70996,15575.75977,15055.23047,15565.58008,5343920000
44546,15629.08008,15633.19043,15119.49023,15180.42969,4906480000
44547,15036.76953,15288.78027,14960.37012,15169.67969,7668770000
44550,14933,15007.29981,14860.04004,14980.94043,4602640000
44551,15140.42969,15349.05957,15015.03027,15341.08984,4581720000
44552,15319.16016,15525.96973,15303.05957,15521.88965,4107900000
44553,15544.79004,15697.98047,15528.91016,15653.37012,3935010000
44557,15696.83008,15871.40039,15696.83008,15871.25977,3743920000
44558,15895.2002,15901.46973,15757.07031,15781.71973,3648500000
44559,15794.91992,15821.80957,15679.84961,15766.21973,3714380000
44560,15758.98047,15868.08984,15729.16016,15741.55957,3750920000
44561,15722.91016,15777.42969,15643.94043,15644.96973,3392580000
44564,15732.5,15832.79981,15644.08984,15832.79981,4429960000
44565,15852.13965,15852.13965,15512.41016,15622.71973,5131110000
44566,15547.16016,15586.29981,15095.17969,15100.16992,5031850000
44567,15024.15039,15198.4502,14914.87012,15080.86035,4790820000
44568,15095.71973,15171.01953,14877.62988,14935.90039,4238070000
44571,14751.78027,14953.84961,14530.23047,14942.83008,5317180000
44572,14919.25977,15158.70996,14837.62988,15153.4502,4390710000
44573,15263.09961,15319.03027,15117.29004,15188.38965,4338530000
44574,15245.04004,15259.70996,14782.24023,14806.80957,4302020000
44575,14708.01953,14897.67969,14689.42969,14893.75,4374020000
44579,14681.83008,14740.54004,14482.94043,14506.90039,5060790000
44580,14582.21973,14658.88965,14331.65039,14340.25977,4665340000
44581,14462.84961,14642.03027,14140.78027,14154.01953,5102050000
44582,14046.21973,14171.71973,13764.24023,13768.91992,5870830000
44585,13481.5,13876.61035,13094.65039,13855.12988,6998770000
44586,13610.87012,13781.62012,13414.13965,13539.29004,5019380000
44587,13871.76953,14002.65039,13392.19043,13542.12012,5771140000
44588,13710.99023,13765.91016,13322.66016,13352.78027,5177380000
44589,13436.70996,13771.91016,13236.55957,13770.57031,4971930000
44592,13812.19043,14242.90039,13767.70996,14239.87988,5124940000
44593,14277.42969,14358.69043,14070.76953,14346,4671850000
44594,14494.46973,14504.82031,14264.65039,14417.54981,4673140000
44595,14045.83008,14207.88965,13851.74023,13878.82031,4326300000
44596,13958.48047,14222.75977,13850.38965,14098.00977,4121340000
44599,14118.79004,14236.30957,13974.09961,14015.66992,4268730000
44600,13984.42969,14226.48047,13934.78027,14194.4502,4293770000
44601,14368.16016,14490.71973,14330.87012,14490.37012,4729730000
44602,14228.67969,14509.55957,14118.2002,14185.63965,5212510000
44603,14213.62012,14246.7002,13733.16016,13791.15039,5237320000
44606,13768.96973,13921.70996,13664.75977,13790.91992,4347350000
44607,13997.17969,14142.49023,13976.29004,14139.75977,4416840000
44608,14038.91992,14163.73047,13931.99023,14124.08984,4238560000
44609,14004.19043,14020.82031,13704.7002,13716.71973,4278370000
44610,13735.40039,13762.40039,13465.55957,13548.07031,4501940000
44614,13424.36035,13618.71973,13249.65039,13381.51953,4849170000
44615,13511.75,13533.78027,13032.16992,13037.49023,4639330000
44616,12587.87988,13486.11035,12587.87988,13473.58984,6180200000
44617,13485.25977,13696.86035,13358.29004,13694.62012,4628720000
44620,13570.83008,13810.63965,13549.90039,13751.40039,5928130000
44621,13716.7002,13777.04004,13441.32031,13532.45996,6131350000
44622,13597.53027,13796.54981,13493.91016,13752.01953,5246390000
44623,13837.58984,13837.58984,13472.63965,13537.94043,5092580000
44624,13455.23047,13486.70996,13224.98047,13313.44043,5343900000
44627,13328.36035,13353.28027,12828.01953,12830.95996,6195370000
44628,12800.04004,13159.44043,12670.08008,12795.54981,6683960000
44629,13113.7002,13301.16016,13039.79004,13255.54981,5396550000
44630,13098.34961,13163.5,12946.28027,13129.95996,5071250000
44631,13229.76953,13239.34961,12830.37012,12843.80957,5288210000
44634,12795.12012,12918.00977,12555.34961,12581.21973,5876710000
44635,12685.23047,12973.87988,12616.58984,12948.62012,5440100000
44636,13119.37012,13440.12012,12992.2002,13436.54981,6552210000
44637,13360.71973,13620.79981,13317.13965,13614.78027,5612090000
44638,13564.62988,13899.28027,13528.05957,13893.83984,8149290000
44641,13860.38965,13945.80957,13682.54981,13838.45996,5673940000
44642,13866.42969,14141.07031,13857.29004,14108.82031,5445100000
44643,13990.34961,14152.13965,13921.65039,13922.59961,5024230000
44644,14001.32031,14193.54981,13897.2002,14191.83984,5149520000
44645,14194.71973,14218.75977,14010.79004,14169.29981,5585100000
44648,14177.20996,14356,14101.33984,14354.90039,5129500000
44649,14500.38965,14646.90039,14419.40039,14619.63965,6060890000
44650,14558.58984,14609.25,14383.4502,14442.26953,5479200000
44651,14444.78027,14456.74023,14217.71973,14220.51953,5453890000
44652,14269.53027,14306.94043,14131.80957,14261.5,5002790000
44655,14304.34961,14534.37988,14286.4502,14532.54981,4630100000
44656,14490.25977,14500.29004,14169.12012,14204.16992,4727710000
44657,14002.58008,14032.83984,13788.90039,13888.82031,5360420000
44658,13861.49023,13978.25,13689.23047,13897.29981,4856090000
44659,13830.46973,13866.05957,13693.69043,13711,4574080000
44662,13547.29004,13585.08008,13401.38965,13411.95996,4946680000
44663,13584.69043,13685.9502,13317.74023,13371.57031,4991720000
44664,13373.12012,13679.42969,13353.66016,13643.58984,4909720000
44665,13647.42969,13662.92969,13345.21973,13351.08008,4642240000
44669,13319.38965,13414.26953,13222.03027,13332.36035,4365230000
44670,13312.44043,13643.96973,13281.21973,13619.66016,4562840000
44671,13665.37988,13678.54981,13426.12988,13453.07031,4678930000
44672,13623.7002,13710.7002,13140.83008,13174.65039,5233110000
44673,13168.79981,13212.59961,12828.01953,12839.29004,4475090000
44676,12749.16992,13011.4502,12722.58984,13004.84961,4845160000
44677,12918.04004,12918.04004,12490.74023,12490.74023,5168160000
44678,12500.87988,12703.79004,12430.90039,12488.92969,4810720000
44679,12712.86035,12948.51953,12487.86035,12871.53027,5067150000
44680,12710.41992,12861.83008,12315.74023,12334.63965,4733070000
44683,12331.69043,12542.54004,12202.41016,12536.01953,4918240000
44684,12511.45996,12645.83008,12460.99023,12563.75977,4547280000
44685,12574.73047,12985.00977,12367.01953,12964.86035,5498050000
44686,12787.51953,12787.51953,12183.55957,12317.69043,5308920000
44687,12246.83008,12358.41992,11990.15039,12144.66016,5324480000
44690,11923.03027,11990.61035,11574.94043,11623.25,5939140000
44691,11900.33984,11944.94043,11566.28027,11737.66992,6218260000
44692,11645.57031,11844.50977,11339.17969,11364.24023,6152370000
44693,11199.25,11547.33008,11108.75977,11370.95996,6679470000
44694,11555.96973,11856.70996,11510.25977,11805,5894020000
44697,11727.13965,11804.58984,11627.53027,11662.79004,4930250000
44698,11905.57031,11988.42969,11754.28027,11984.51953,5093960000
44699,11790.67969,11826.21973,11381.69043,11418.15039,5064120000
44700,11364.40039,11562.82031,11313.30957,11388.5,5154410000
44701,11542.66992,11552.20996,11035.69043,11354.62012,5434370000
44704,11396.28027,11552.07031,11304.55957,11535.26953,4552200000
44705,11326.44043,11351.61035,11092.48047,11264.4502,4724430000
44706,11225.03027,11511.90039,11211.84961,11434.74023,4519690000
44707,11409.83984,11796.96973,11406.16016,11740.65039,4672620000
44708,11869.69043,12131.66016,11856.82031,12131.12988,4793900000
44712,12137.54004,12190.08008,11942.5,12081.38965,6045500000
44713,12176.88965,12237.94043,11901.42969,11994.45996,4719900000
44714,11945.57031,12320.12012,11901.4502,12316.90039,4445840000
44715,12097.12012,12167.44043,11966.62012,12012.73047,4130040000
44718,12200.33008,12245.40039,12004.2002,12061.37012,4647010000
44719,11925.80957,12194.86035,11888.61035,12175.23047,4411240000
44720,12147.28027,12235.78027,12052.7002,12086.26953,4708980000
44721,12016.46973,12115.05957,11751.98047,11754.23047,5408460000
44722,11543.87988,11569.15039,11328.26953,11340.01953,5152020000
44725,10986.84961,11071.48047,10775.13965,10809.23047,5937320000
44726,10897.42969,10926.80957,10733.04004,10828.34961,4819890000
44727,10968.40039,11244.25977,10866.38965,11099.15039,5368500000
44728,10806.01953,10831.07031,10565.13965,10646.09961,5696630000
44729,10697.54981,10884.70996,10638.71973,10798.34961,7452830000
44733,10974.04981,11164.99023,10974.04981,11069.29981,5226260000
44734,10941.9502,11216.76953,10938.05957,11053.08008,5238180000
44735,11137.67969,11260.26953,11046.28027,11232.19043,5258200000
44736,11351.30957,11613.23047,11337.78027,11607.62012,9468130000
44739,11661.01953,11677.49023,11487.07031,11524.54981,5047860000
44740,11542.24023,11635.84961,11177.67969,11181.54004,5433220000
44741,11160.21973,11226.33008,11072.19043,11177.88965,5650860000
44742,11048.25,11160.91992,10850.00977,11028.74023,5654520000
44743,11006.83008,11132.54981,10922.70996,11127.84961,4865730000
44747,10964.17969,11323.88965,10911.4502,11322.24023,5053570000
44748,11337.90039,11443.15039,11250.32031,11361.84961,4851170000
44749,11422.59961,11644.46973,11412.87988,11621.34961,4685050000
44750,11503.61035,11689.7002,11479.76953,11635.30957,4526570000
44753,11524.49023,11541.09961,11348.05957,11372.59961,4362910000
44754,11420.88965,11483.16992,11207.08008,11264.73047,4317860000
44755,11056.54981,11325.66992,11031.26953,11247.58008,4433060000
44756,11151.20996,11279.96973,11005.92969,11251.19043,4481070000
44757,11379.36035,11454.69043,11295.33008,11452.41992,4369060000
44760,11561.63965,11629.03027,11322.83984,11360.04981,5057920000
44761,11515,11721.21973,11448.96973,11713.15039,5302740000
44762,11726.08984,11939.95996,11703.36035,11897.65039,5467080000
44763,11914.15039,12060.58984,11812.71973,12059.61035,4680930000
44764,12025.37012,12093.01953,11767.19043,11834.11035,4721880000
44767,11837.95996,11855.11035,11707.53027,11782.66992,4346520000
44768,11701.53027,11711.30957,11533.37012,11562.57031,4349760000
44769,11756.19043,12081.73047,11718.37988,12032.41992,4588480000
44770,12036.48047,12179.08984,11886.66992,12162.58984,4924950000
44771,12239.69043,12426.25977,12181.12988,12390.69043,4907410000
44774,12317.95996,12499.71973,12271.98047,12368.98047,4396390000
44775,12287.66992,12503.33984,12260.48047,12348.75977,4792140000
44776,12433.87012,12699.63965,12425.20996,12668.16016,5667990000
44777,12675.04004,12736.19043,12600.78027,12720.58008,5451470000
44778,12538.79981,12720.44043,12525.76953,12657.54981,4911300000
44781,12703.71973,12855.15039,12597.75,12644.45996,5238600000
44782,12557.49023,12582.91016,12438.86035,12493.92969,5307340000
44783,12793.44043,12861.44043,12698.61035,12854.79981,5196210000
44784,12944.82031,13026.24023,12760.08984,12779.91016,5815960000
44785,12866.30957,13047.19043,12821.21973,13047.19043,4782610000
44788,12996.62988,13146.05957,12993.78027,13128.04981,4476040000
44789,13082.63965,13181.08984,12979.24023,13102.54981,5028410000
44790,12968.62988,13053.50977,12863.00977,12938.12012,5229520000
44791,12937.79004,13002.66016,12873.49023,12965.33984,4724350000
44792,12832.26953,12859.00977,12674.87012,12705.21973,4628170000
44795,12523.16016,12538.54981,12353.73047,12381.57031,4270980000
44796,12380.37012,12490.84961,12352.03027,12381.29981,3836180000
44797,12375.15039,12504.33008,12350.16016,12431.53027,3917170000
44798,12506.37012,12641.25977,12471.98047,12639.26953,4323470000
44799,12630.58008,12655.83984,12141.51953,12141.70996,4530000000
44802,12021.04981,12124.87012,11981.41992,12017.66992,4209850000
44803,12093.05957,12101.84961,11790.01953,11883.13965,4681520000
44804,11972.55957,12027.42969,11814.16992,11816.2002,4952010000
44805,11707.44043,11798.37012,11546.51953,11785.12988,4792890000
44806,11899.13965,11945.91016,11573.50977,11630.86035,4257410000
44810,11643.03027,11679.42969,11471.5,11544.91016,4622940000
44811,11559.37988,11819.07031,11555.08008,11791.90039,4445640000
44812,11679.86035,11896.73047,11660.53027,11862.12988,4329910000
44813,11958.61035,12132.66992,11958.61035,12112.30957,4401590000
44816,12174.94043,12270.19043,12169.28027,12266.41016,4146680000
44817,11908.80957,11957.96973,11604.42969,11633.57031,5188380000
44818,11680.41016,11746.83008,11602.75977,11719.67969,4861530000
44819,11633.24023,11760.73047,11497.11035,11552.36035,4805910000
44820,11401.20996,11460.42969,11316.91992,11448.40039,7451840000
44823,11338.57031,11538.12988,11337.83008,11535.01953,4168670000
44824,11440.13965,11520.99023,11343.71973,11425.04981,4028100000
44825,11466.20996,11613.57031,11218.99023,11220.19043,4471000000
44826,11167.37988,11203.76953,11024.63965,11066.80957,4916470000
44827,10952.69043,10958.29004,10732.71973,10867.92969,5134350000
44830,10833.37988,11024,10789.04981,10802.91992,4697730000
44831,10955.29004,11040.98047,10741.01953,10829.5,4445050000
44832,10817.51953,11101.5,10776.33984,11051.63965,4556100000
44833,10894.44043,10899.46973,10623.21973,10737.50977,4516630000
44834,10697.70996,10883.04004,10572.33008,10575.62012,4649710000
44837,10659.00977,10875.45996,10577.88965,10815.42969,4415440000
44838,11054.71973,11189.95996,11044.04004,11176.41016,5004780000
44839,11022.66992,11210.32031,10910.75977,11148.63965,4091860000
44840,11129.04004,11230.44043,11051.26953,11073.30957,4423320000
44841,10877.28027,10891.92969,10608.51953,10652.40039,4634190000
44844,10659.9502,10669.92969,10449.04004,10542.09961,3989640000
44845,10484.37012,10608.83984,10351.98047,10426.19043,4738840000
44846,10437,10494.53027,10372.20996,10417.09961,4091030000
44847,10131.82031,10697.70996,10088.83008,10649.15039,5300080000
44848,10742.80957,10766.69043,10308.80957,10321.38965,4393000000
44851,10575.65039,10696.58984,10569.69043,10675.79981,4439190000
44852,10963.99023,10972.96973,10670.12012,10772.40039,5047360000
44853,10689.30957,10808.04004,10592.87988,10680.50977,4955090000
44854,10657.41016,10837.29981,10574.54981,10614.83984,4628010000
44855,10576.04004,10875.71973,10542.42969,10859.71973,4706440000
44858,10867.07031,10983.51953,10713.33008,10952.61035,4808710000
44859,10996.96973,11210.37988,10996.96973,11199.12012,5141760000
44860,10969.01953,11205.83984,10948.37988,10970.99023,5224440000
44861,10971.9502,10998.73047,10780.5,10792.66992,4773520000
44862,10766.2002,11117.04004,10766.2002,11102.4502,4731940000
44865,11028.42969,11047.94043,10914.00977,10988.15039,4753740000
44866,11154.74023,11156.34961,10881.19043,10890.84961,4677520000
44867,10885.00977,10993.24023,10522.90039,10524.79981,5436420000
44868,10399.4502,10486.00977,10319.54004,10342.94043,5102190000
44869,10548.13965,10553.62988,10262.92969,10475.25,5453750000
44872,10516.94043,10587.95996,10428.91016,10564.51953,4456690000
44873,10611.53027,10745.63965,10472.73047,10616.2002,5134500000
44874,10528.4502,10564.96973,10344.00977,10353.16992,4977460000
44875,10869.16992,11119.12012,10779.9502,11114.15039,6433000000
44876,11124.75,11352.42969,11069.83008,11323.33008,5867750000
44879,11233.90039,11350.12012,11167.16992,11196.21973,5004060000
44880,11474.82031,11492.62012,11241.15039,11358.41016,5617310000
44881,11260.09961,11286.09961,11162.91992,11183.66016,4585190000
44882,11008.66992,11198.83984,11006.20996,11144.95996,4354360000
44883,11257.00977,11259.44043,11059.16016,11146.05957,4175420000
44886,11091.00977,11128.78027,10999.75,11024.50977,3977130000
44887,11058.55957,11179.87012,10975.66016,11174.41016,4186360000
44888,11174.61035,11310.82031,11174.61035,11285.32031,4431530000
44890,11231,11261.57031,11206.37988,11226.36035,2184080000
44893,11147.57031,11217.75,11020.69043,11049.5,4271360000
44894,11060.01953,11086.01953,10944.37012,10983.78027,4592830000
44895,10995.2002,11468.46973,10966.53027,11468,6653460000
44896,11475.16992,11546.76953,11378.75,11482.4502,5158120000
44897,11308.37988,11492.32031,11296.71973,11461.5,4523010000
44900,11380.99023,11425.50977,11193.01953,11239.94043,4510030000
44901,11228.41992,11241.41992,10956.2002,11014.88965,4713330000
44902,10963.9502,11039.80957,10910.62012,10958.54981,4343860000
44903,11011.33008,11119.16016,10939.46973,11082,4281800000
44904,11038.16992,11138.7002,10999.25977,11004.62012,4337440000
44907,11015.48047,11144.66992,10984.82031,11143.74023,4829990000
44908,11542.83984,11571.63965,11160.54004,11256.80957,6126890000
44909,11248.08984,11352.08984,11065.24023,11170.88965,5485150000
44910,11012.62012,11029.57031,10775.61035,10810.53027,5536070000
44911,10767.62988,10833.24023,10642.09961,10705.41016,7968170000
44914,10707.44043,10713.96973,10497.54981,10546.03027,4631820000
44915,10490.88965,10609.45996,10446.82031,10547.11035,4707190000
44916,10592,10753.57031,10569.2002,10709.37012,4401420000
44917,10586.45996,10599.33984,10313.32031,10476.12012,5125070000
44918,10437.75,10514.75977,10361.82031,10497.86035,3544680000
44922,10462.19043,10472.32031,10340.73047,10353.23047,3827290000
44923,10339.2002,10414.82031,10207.46973,10213.29004,3842970000
44924,10321.45996,10502.08008,10301.05957,10478.08984,4154100000
44925,10368.37012,10468.30957,10324.7002,10466.48047,3959030000
44929,10562.05957,10613.05957,10309.16016,10386.98047,4780650000
44930,10467.82031,10515.21973,10337.63965,10458.75977,5085380000
44931,10390.30957,10393.21973,10295.25,10305.24023,4764270000
44932,10363.95996,10604.13965,10265.04004,10569.29004,5199780000
44935,10662.09961,10807.25977,10619.12012,10635.65039,5132190000
44936,10607.71973,10743.66992,10589.58984,10742.62988,4710680000
44937,10794.99023,10932.44043,10762.73047,10931.66992,5284390000
44938,10969.25977,11027.75,10797.12012,11001.09961,5681240000
44939,10906.37012,11084.00977,10900.16016,11079.16016,5077990000
44943,11070,11145.44043,11024.71973,11095.11035,5138410000
44944,11170.9502,11223.41016,10952.04981,10957.00977,5288630000
44945,10890.40039,10932.51953,10804.57031,10852.26953,4660800000
44946,10924.66016,11143.16992,10885.65039,11140.42969,5980110000
44949,11171.94043,11405.5,11144.03027,11364.41016,5997810000
44950,11302.92969,11378.15039,11282.65039,11334.26953,5670860000
44951,11146.53027,11334.21973,11069.17969,11313.36035,5485570000
44952,11458.40039,11516.04981,11341.19043,11512.41016,5732890000
44953,11470.46973,11691.88965,11470.26953,11621.70996,624380000